{"stats":{"minecraft:picked_up":{"minecraft:tnt":1,"minecraft:wheat_seeds":1,"minecraft:granite":2,"minecraft:sand":1,"minecraft:diorite":10,"minecraft:cobblestone":34},"minecraft:custom":{"minecraft:time_since_rest":12956,"minecraft:crouch_one_cm":4050,"minecraft:play_time":12956,"minecraft:sprint_one_cm":5426,"minecraft:walk_one_cm":8467,"minecraft:sneak_time":933,"minecraft:mob_kills":8,"minecraft:drop":1,"minecraft:jump":78,"minecraft:damage_dealt":300,"minecraft:time_since_death":12956,"minecraft:total_world_time":12956,"minecraft:fall_one_cm":836,"minecraft:fly_one_cm":87643},"minecraft:killed":{"minecraft:turtle":1,"minecraft:zombie":2,"minecraft:salmon":5},"minecraft:used":{"minecraft:sand":1,"minecraft:flint_and_steel":3,"minecraft:tnt":852},"minecraft:dropped":{"minecraft:wheat_seeds":1},"minecraft:mined":{"minecraft:large_fern":4,"minecraft:sand":1}},"DataVersion":3465}