{"stats":{"minecraft:picked_up":{"minecraft:dirt":1},"minecraft:mined":{"minecraft:grass_block":1,"minecraft:birch_leaves":6},"minecraft:custom":{"minecraft:jump":78,"minecraft:open_chest":4,"minecraft:time_since_rest":9219,"minecraft:leave_game":1,"minecraft:open_enderchest":1,"minecraft:interact_with_loom":1,"minecraft:damage_dealt":20,"minecraft:crouch_one_cm":132,"minecraft:sprint_one_cm":11668,"minecraft:play_time":9219,"minecraft:damage_taken":20,"minecraft:time_since_death":9219,"minecraft:walk_one_cm":13475,"minecraft:climb_one_cm":34,"minecraft:sneak_time":232,"minecraft:total_world_time":9219,"minecraft:drop":1,"minecraft:fall_one_cm":960,"minecraft:fly_one_cm":91943},"minecraft:used":{"minecraft:dirt":1},"minecraft:dropped":{"minecraft:mud_bricks":1}},"DataVersion":3465}